{
  "rows": [
    {
      "scorer": "ms_marco_ce",
      "c12_auc": 0.48571428571428577,
      "g24_auc": 0.7083333333333333,
      "c12_ci_lo": 0.1142857142857143,
      "c12_ci_hi": 0.8857142857142857,
      "c12_ci_w": 0.7714285714285714,
      "ci_valid": 4993,
      "p_c12": 0.5618686868686869,
      "p_g24": 0.04426688600711478,
      "heldout_meanpct": 0.1826086956521739,
      "heldout_bot6": "3/5"
    },
    {
      "scorer": "nli_span_q",
      "c12_auc": 0.4571428571428572,
      "g24_auc": 0.39583333333333337,
      "c12_ci_lo": 0.11111111111111112,
      "c12_ci_hi": 0.8148148148148149,
      "c12_ci_w": 0.7037037037037037,
      "ci_valid": 4993,
      "p_c12": 0.6224747474747474,
      "p_g24": 0.8145778333478895,
      "heldout_meanpct": 0.6260869565217392,
      "heldout_bot6": "0/5"
    },
    {
      "scorer": "nli_q_span",
      "c12_auc": 0.7428571428571429,
      "g24_auc": 0.4375,
      "c12_ci_lo": 0.38611111111111124,
      "c12_ci_hi": 1.0,
      "c12_ci_w": 0.6138888888888887,
      "ci_valid": 4993,
      "p_c12": 0.10101010101010102,
      "p_g24": 0.7083197666486484,
      "heldout_meanpct": 0.7913043478260869,
      "heldout_bot6": "0/5"
    },
    {
      "scorer": "minilm_cos",
      "c12_auc": 0.6285714285714286,
      "g24_auc": 0.5763888888888888,
      "c12_ci_lo": 0.2571428571428571,
      "c12_ci_hi": 0.9428571428571428,
      "c12_ci_w": 0.6857142857142857,
      "ci_valid": 4993,
      "p_c12": 0.2651515151515152,
      "p_g24": 0.2721850729283049,
      "heldout_meanpct": 0.3826086956521739,
      "heldout_bot6": "1/5"
    }
  ],
  "cost": {
    "ms_marco_ce": {
      "params": 22713601,
      "ms_per_pair": 35.43121250004333
    },
    "nli_span_q": {
      "params": 141897219,
      "ms_per_pair": 104.3250041666397,
      "source": "PUBLIC SUBSTITUTE (helix training/models/nli ABSENT)"
    },
    "nli_q_span": {
      "params": 141897219,
      "ms_per_pair": 102.96388750005765,
      "source": "PUBLIC SUBSTITUTE (helix training/models/nli ABSENT)"
    },
    "minilm_cos": {
      "params": 22713216,
      "ms_per_pair": 40.811608333266726
    }
  },
  "verdict": "INCONCLUSIVE-BETWEEN-TIERS (best shippable C12=0.629 G24=0.708; not GO, not clean-PARTIAL, not NO-GO)",
  "nli_source": "PUBLIC SUBSTITUTE (helix training/models/nli ABSENT)",
  "best_c12": 0.6285714285714286,
  "best_g24": 0.7083333333333333,
  "scores": {
    "ms_marco_ce": {
      "answ_beacon": 7.340272426605225,
      "answ_grove": 6.780233383178711,
      "answ_lookout": 7.332521438598633,
      "answ_meadow": 6.3477582931518555,
      "answ_pillar": 7.2298383712768555,
      "answ_quarry": 6.074563503265381,
      "answ_vault": 7.3037309646606445,
      "held_dune": 5.914088249206543,
      "held_orbit": 5.942280292510986,
      "held_surge": 5.083935260772705,
      "held_tundra": 6.18526029586792,
      "held_vesper": 6.085610389709473,
      "comp_cove": 7.008185863494873,
      "comp_juniper": 7.415487289428711,
      "comp_kestrel": 7.23435640335083,
      "comp_larch": 5.499042510986328,
      "comp_marsh": 6.584791660308838,
      "comp_quiver": 7.30058479309082,
      "comp_reef": 7.235037803649902,
      "comp_sable": 6.776752948760986,
      "comp_thorn": 5.814549446105957,
      "comp_umbra": 6.1039533615112305,
      "comp_vale": 7.227085113525391,
      "comp_wisp": 7.057980060577393
    },
    "nli_span_q": {
      "answ_beacon": 0.01112639531493187,
      "answ_grove": 0.9669920802116394,
      "answ_lookout": 0.03461208939552307,
      "answ_meadow": 0.936384916305542,
      "answ_pillar": 0.005788683425635099,
      "answ_quarry": 0.3112393021583557,
      "answ_vault": 0.003191172843798995,
      "held_dune": 0.8086016178131104,
      "held_orbit": 0.2622409462928772,
      "held_surge": 0.476045697927475,
      "held_tundra": 0.8730583190917969,
      "held_vesper": 0.04750807583332062,
      "comp_cove": 0.007617594208568335,
      "comp_juniper": 0.012843559496104717,
      "comp_kestrel": 0.04143952950835228,
      "comp_larch": 0.7631189823150635,
      "comp_marsh": 0.4967648684978485,
      "comp_quiver": 0.7879706621170044,
      "comp_reef": 0.7043232321739197,
      "comp_sable": 0.9220032691955566,
      "comp_thorn": 0.029223144054412842,
      "comp_umbra": 0.27499139308929443,
      "comp_vale": 0.03715907037258148,
      "comp_wisp": 0.4202977120876312
    },
    "nli_q_span": {
      "answ_beacon": 0.0008729422115720809,
      "answ_grove": 0.12567724287509918,
      "answ_lookout": 0.0008647811482660472,
      "answ_meadow": 0.004163739737123251,
      "answ_pillar": 0.00030528759816661477,
      "answ_quarry": 0.0023007623385638,
      "answ_vault": 0.0005368848796933889,
      "held_dune": 0.009427291341125965,
      "held_orbit": 0.012126448564231396,
      "held_surge": 0.06206488981842995,
      "held_tundra": 0.007199042942374945,
      "held_vesper": 0.009917871095240116,
      "comp_cove": 0.0001833503192756325,
      "comp_juniper": 0.0011578070698305964,
      "comp_kestrel": 0.0004279357090126723,
      "comp_larch": 0.12970660626888275,
      "comp_marsh": 0.0027132246177643538,
      "comp_quiver": 0.047914814203977585,
      "comp_reef": 0.0019810001831501722,
      "comp_sable": 0.0006298153311945498,
      "comp_thorn": 0.0010624859714880586,
      "comp_umbra": 0.002530911238864064,
      "comp_vale": 0.0007384676719084382,
      "comp_wisp": 0.0057558477856218815
    },
    "minilm_cos": {
      "answ_beacon": 0.4751221537590027,
      "answ_grove": 0.5980802774429321,
      "answ_lookout": 0.4925462007522583,
      "answ_meadow": 0.6495119333267212,
      "answ_pillar": 0.5004208087921143,
      "answ_quarry": 0.5598876476287842,
      "answ_vault": 0.48383915424346924,
      "held_dune": 0.5032468438148499,
      "held_orbit": 0.46279603242874146,
      "held_surge": 0.5651862621307373,
      "held_tundra": 0.5292633771896362,
      "held_vesper": 0.5583190321922302,
      "comp_cove": 0.5157102346420288,
      "comp_juniper": 0.5825958251953125,
      "comp_kestrel": 0.40926170349121094,
      "comp_larch": 0.5576163530349731,
      "comp_marsh": 0.6253262758255005,
      "comp_quiver": 0.6036595106124878,
      "comp_reef": 0.5813692808151245,
      "comp_sable": 0.4518458843231201,
      "comp_thorn": 0.5937625765800476,
      "comp_umbra": 0.6836792826652527,
      "comp_vale": 0.5405778884887695,
      "comp_wisp": 0.6376045346260071
    }
  },
  "labels": {
    "answ_beacon": true,
    "answ_grove": true,
    "answ_lookout": true,
    "answ_meadow": true,
    "answ_pillar": true,
    "answ_quarry": true,
    "answ_vault": true,
    "held_dune": false,
    "held_orbit": false,
    "held_surge": false,
    "held_tundra": false,
    "held_vesper": false,
    "comp_cove": false,
    "comp_juniper": true,
    "comp_kestrel": false,
    "comp_larch": true,
    "comp_marsh": true,
    "comp_quiver": false,
    "comp_reef": false,
    "comp_sable": false,
    "comp_thorn": false,
    "comp_umbra": false,
    "comp_vale": true,
    "comp_wisp": true
  },
  "cells": {
    "answ_beacon": "answerable",
    "answ_grove": "answerable",
    "answ_lookout": "answerable",
    "answ_meadow": "answerable",
    "answ_pillar": "answerable",
    "answ_quarry": "answerable",
    "answ_vault": "answerable",
    "held_dune": "heldout",
    "held_orbit": "heldout",
    "held_surge": "heldout",
    "held_tundra": "heldout",
    "held_vesper": "heldout",
    "comp_cove": "competition",
    "comp_juniper": "competition",
    "comp_kestrel": "competition",
    "comp_larch": "competition",
    "comp_marsh": "competition",
    "comp_quiver": "competition",
    "comp_reef": "competition",
    "comp_sable": "competition",
    "comp_thorn": "competition",
    "comp_umbra": "competition",
    "comp_vale": "competition",
    "comp_wisp": "competition"
  }
}