{
  "label": "erag10k",
  "on": {
    "n_queries": 55,
    "recall_at_k": 0.07272727272727272,
    "mrr": 0.06363636363636363,
    "p95_s": 47.5662,
    "mean_s": 26.6132,
    "total_genes": 15598,
    "splade_rows": 1896100,
    "splade_present": true,
    "disk_bytes_per_gene": 55693.048
  },
  "off": {
    "n_queries": 55,
    "recall_at_k": 0.07272727272727272,
    "mrr": 0.06363636363636363,
    "p95_s": 32.9053,
    "mean_s": 22.2635,
    "total_genes": 15598,
    "splade_rows": 0,
    "splade_present": false,
    "disk_bytes_per_gene": 41807.403
  },
  "splade_value_signal": {
    "recall_at_k_delta": 0.0,
    "p95_s_delta": 14.6609,
    "disk_bytes_per_gene_delta": 13885.645
  }
}