{
  "label": "erag50k",
  "on": {
    "n_queries": 55,
    "recall_at_k": 0.07272727272727272,
    "mrr": 0.0393939393939394,
    "p95_s": 7.6914,
    "mean_s": 6.1352,
    "total_genes": 80072,
    "splade_rows": 9697586,
    "splade_present": true,
    "disk_bytes_per_gene": 55589.215
  },
  "off": {
    "n_queries": 55,
    "recall_at_k": 0.07272727272727272,
    "mrr": 0.0393939393939394,
    "p95_s": 6.5956,
    "mean_s": 5.0752,
    "total_genes": 80072,
    "splade_rows": 0,
    "splade_present": false,
    "disk_bytes_per_gene": 41643.417
  },
  "splade_value_signal": {
    "recall_at_k_delta": 0.0,
    "p95_s_delta": 1.0958,
    "disk_bytes_per_gene_delta": 13945.798
  }
}